{
	"format_version": "1.8.0",
	"animations": {
		"animation.duende_musgoso.idle": {
			"loop": true,
			"animation_length": 1,
			"bones": {
				"body": {
					"position": {
						"0.0": [0, 0, 0],
						"0.5": [0, -0.25, 0],
						"1.0": [0, 0, 0]
					}
				},
				"head": {
					"rotation": {
						"0.0": [0, 0, 0],
						"0.5": [5, 0, 0],
						"1.0": [0, 0, 0]
					}
				},
				"LA": {
					"rotation": {
						"0.0": [-20.94, -8.42, -20.94],
						"0.5": [-21.80633, -5.68422, -13.9042],
						"1.0": [-20.94, -8.42, -20.94]
					}
				},
				"RA": {
					"rotation": {
						"0.0": [-20.94, 8.42, 20.94],
						"0.5": [-21.80633, 5.68422, 13.9042],
						"1.0": [-20.94, 8.42, 20.94]
					}
				}
			}
		},
		"animation.duende_musgoso.walk": {
			"loop": true,
			"animation_length": 0.5,
			"bones": {
				"body": {
					"rotation": {
						"0.0": [0, 0, 5],
						"0.25": [0, 0, -5],
						"0.5": [0, 0, 5]
					},
					"position": [0, 0, 0]
				},
				"head": {
					"rotation": {
						"0.0": [0, 0, -5],
						"0.25": [0, 0, 5],
						"0.5": [0, 0, -5]
					}
				},
				"LL": {
					"rotation": {
						"0.0": [-22.5, 0, 0],
						"0.25": [22.5, 0, 0],
						"0.5": [-22.5, 0, 0]
					}
				},
				"RL": {
					"rotation": {
						"0.0": [22.5, 0, 0],
						"0.25": [-22.5, 0, 0],
						"0.5": [22.5, 0, 0]
					}
				},
				"LA": {
					"rotation": {
						"0.0": [24.06, -8.42, -20.94],
						"0.25": [-20.94, -8.42, -20.94],
						"0.5": [24.06, -8.42, -20.94]
					}
				},
				"RA": {
					"rotation": {
						"0.0": [-20.94, 8.42, 20.94],
						"0.25": [24.06, 8.42, 20.94],
						"0.5": [-20.94, 8.42, 20.94]
					}
				}
			}
		}
	}
}